#featureID,row ID,row m/z,row retention time,LibraryID,standard_indentification_level_1,_feature_id,importance.score
283.2629498309951_5.430859365079369,13,283.2629498,5.430859365,trans-Vaccenic acid,,283.2629498309951_5.430859365079369,0.04736320111583402
568.3396247335379_5.054229002624673,371,568.3396247000001,5.0542290030000006,,,568.3396247335379_5.054229002624673,0.046168510851206976
533.3268082263279_3.457795523049642,847,533.3268082,3.457795523,,,533.3268082263279_3.457795523049642,0.04600018832212759
281.24729224771505_5.287591349206345,107,281.2472922,5.2875913489999995,MoNA:790553 Linoleic acid,,281.24729224771505_5.287591349206345,0.038787055217831
255.2317783582418_5.1814566985645945,292,255.2317784,5.181456699,cis-9-Hexadecenoic acid,,255.2317783582418_5.1814566985645945,0.038548229991445006
786.6000942131327_5.615988304093568,785,786.6000942000001,5.615988304,"1,2-dioleoyl-sn-glycero-3-phosphatidylcholine",,786.6000942131327_5.615988304093568,0.033696866985178986
516.300422276808_3.5346080964685593,653,516.3004223,3.5346080960000004,Spectral Match to Taurocholic acid from NIST14,,516.300422276808_3.5346080964685593,0.03343359353235975
533.3268329649845_3.536782531194295,490,533.326833,3.536782531,,,533.3268329649845_3.536782531194295,0.03259090670584773
480.27805502969585_3.1059080820770553,232,480.278055,3.105908082,Taurocholic acid,Tauro-b-muricholic acid,480.27805502969585_3.1059080820770553,0.03071502281481657
265.25244007223137_5.432108840227089,121,265.2524401,5.43210884,cis-Vaccenic acid,,265.25244007223137_5.432108840227089,0.03052667264906746
520.3406877786814_5.059685074626866,76,520.3406878000001,5.059685075,,,520.3406877786814_5.059685074626866,0.029427811885076854
533.3270106879065_3.1052722379603392,606,533.3270107,3.105272238,,,533.3270106879065_3.1052722379603392,0.02893896986132634
324.28986215556387_5.433176666666667,142,324.2898622,5.433176667000001,,,324.28986215556387_5.433176666666667,0.027478019816151972
500.30489482986405_3.969003141025643,1138,500.3048948,3.9690031410000004,Spectral Match to Tauroursodeoxycholic acid from NIST14,Taurodeoxycholic acid,500.30489482986405_3.969003141025643,0.025973443085573783
279.2315609559559_5.186963252032519,675,279.231561,5.186963252,Spectral Match to 9(10)-EpOME from NIST14,,279.2315609559559_5.186963252032519,0.025491288154545485
544.3401500596398_5.073365748031497,282,544.3401501,5.0733657480000005,,,544.3401500596398_5.073365748031497,0.019589754562015636
516.2998646735368_3.1476792850990534,193,516.2998647,3.147679285,Spectral Match to Taurocholic acid from NIST14,Tauro-b-muricholic acid,516.2998646735368_3.1476792850990534,0.01901326536472427
498.2885969831677_3.5747786131996655,290,498.288597,3.5747786130000003,Taurocholic acid,,498.2885969831677_3.5747786131996655,0.018844800644237887
299.2576481676884_5.481817182539686,162,299.2576482,5.4818171829999995,,,299.2576481676884_5.481817182539686,0.01860205280078665
498.28847330017254_3.631775063613232,297,498.2884733,3.6317750639999997,Taurocholic acid,,498.28847330017254_3.631775063613232,0.018559252730274114
297.27825689035825_5.705698658536578,370,297.2782569,5.705698658999999,Methyl 12-hydroxystearate,,297.27825689035825_5.705698658536578,0.01780838131054943
338.26942248405976_5.664116914498141,286,338.2694225,5.664116914,,,338.26942248405976_5.664116914498141,0.016399509799788443
533.32710813091_3.16582487046632,357,533.3271081,3.16582487,,,533.32710813091_3.16582487046632,0.015125433531948696
389.2690400664462_3.5955508149959265,332,389.2690401,3.595550815,,,389.2690400664462_3.5955508149959265,0.013036908569797907
991.6726304383897_5.164513368669024,125,991.6726304,5.164513369,1-Palmitoyl-sn-glycero-3-phosphocholine,,991.6726304383897_5.164513368669024,0.012921827452988897
373.2738827824907_3.6014035108958833,208,373.2738828,3.6014035110000004,Spectral Match to Cholic acid from NIST14,,373.2738827824907_3.6014035108958833,0.012354305630009154
522.3565357827935_5.219704237288136,33,522.3565358,5.219704237,1-Oleoyl-sn-glycero-3-phosphocholine,,522.3565357827935_5.219704237288136,0.011766218153947952
494.3242683878163_4.973837944162438,46,494.32426839999994,4.973837944,,,494.3242683878163_4.973837944162438,0.011627984237221783
760.584088871054_5.5128536477987415,1206,760.5840889,5.512853647999999,1-Oleoyl-2-palmitoyl-sn-glycero-3-phosphocholine,,760.584088871054_5.5128536477987415,0.011156779766043581
760.5848295363396_7.248518719806765,288,760.5848295,7.24851872,1-Oleoyl-2-palmitoyl-sn-glycero-3-phosphocholine,,760.5848295363396_7.248518719806765,0.010448068745340365
760.5835075705709_5.635231798245618,1244,760.5835076000001,5.6352317979999995,1-Oleoyl-2-palmitoyl-sn-glycero-3-phosphocholine,,760.5835075705709_5.635231798245618,0.010388907811834384
482.32510527304936_5.020365564037321,117,482.3251053,5.020365564,Spectral Match to HEPC from NIST14,,482.32510527304936_5.020365564037321,0.010170750388593669
762.596104752953_5.61370215827338,249,762.5961047999999,5.613702158,"Spectral Match to 1,2-Diheptadecanoyl-sn-glycero-3-phosphocholine from NIST14",,762.596104752953_5.61370215827338,0.009662520904394487
468.3087078271797_4.867033799830365,103,468.3087078,4.8670338,Spectral Match to 1-Myristoyl-sn-glycero-3-phosphocholine from NIST14,,468.3087078271797_4.867033799830365,0.009482711427961666
389.2691196723436_3.383737479270316,300,389.2691197,3.3837374789999997,,,389.2691196723436_3.383737479270316,0.009219956587367765
498.28866654241455_3.462733502538072,195,498.2886665,3.462733503,Taurocholic acid,Taurocholic acid,498.28866654241455_3.462733502538072,0.00881102652587397
516.2993538664983_3.0679836028751124,640,516.2993539,3.067983603,Spectral Match to Taurocholic acid from NIST14,Tauro-b-muricholic acid,516.2993538664983_3.0679836028751124,0.008436045008596963
734.5708848072682_7.252469799498749,572,734.5708847999999,7.252469799,Spectral Match to 1-Myristoyl-2-stearoyl-sn-glycero-3-phosphocholine from NIST14,,734.5708848072682_7.252469799498749,0.007852576472981383
423.2744890715284_4.29798541001065,695,423.2744891,4.29798541,,,423.2744890715284_4.29798541001065,0.007694604541506761
445.3680159270223_6.940618871252208,330,445.3680159,6.940618871,,,445.3680159270223_6.940618871252208,0.006966367088305142
734.5690274582801_5.613183142857145,228,734.5690275000001,5.613183143,Spectral Match to 1-Stearoyl-2-myristoyl-sn-glycero-3-phosphocholine from NIST14,,734.5690274582801_5.613183142857145,0.006885004645336399
430.37977064653444_6.948780902777779,496,430.37977060000003,6.948780902999999,,,430.37977064653444_6.948780902777779,0.006029578517536104
300.28955658168985_4.98469273809524,425,300.2895566,4.984692738,Spectral Match to D-erythro-C18-Sphingosine from NIST14,,300.28955658168985_4.98469273809524,0.0054174592838816945
480.27798726723756_3.176698922056383,144,480.27798729999995,3.176698922,Taurocholic acid,Tauro-b-muricholic acid,480.27798726723756_3.176698922056383,0.004998988781791729
318.30021103146754_4.875661716171619,557,318.300211,4.875661716000001,Phytosphingosine,,318.30021103146754_4.875661716171619,0.004931842312987124
760.5839016160695_5.72426489361702,994,760.5839016,5.724264894,1-Oleoyl-2-palmitoyl-sn-glycero-3-phosphocholine,,760.5839016160695_5.72426489361702,0.004890382528682296
429.37368424096655_6.951496078431374,482,429.3736842,6.951496078,,,429.37368424096655_6.951496078431374,0.00481045632574004
758.5693712880707_5.520577198364005,749,758.5693713,5.520577198,Spectral Match to 1-Hexadecanoyl-2-octadecadienoyl-sn-glycero-3-phosphocholine from NIST14,,758.5693712880707_5.520577198364005,0.003177030019297404
760.5845892555183_7.696892828282829,350,760.5845893,7.696892827999999,1-Oleoyl-2-palmitoyl-sn-glycero-3-phosphocholine,,760.5845892555183_7.696892828282829,0.0031585957991311833
366.2284055090726_3.2071127384960687,516,366.2284055,3.207112738,,,366.2284055090726_3.2071127384960687,0.0031088097479870943
496.3400991541585_5.156902118305356,2,496.34009919999994,5.1569021180000005,1-Palmitoyl-sn-glycero-3-phosphocholine,,496.3400991541585_5.156902118305356,0.0029102873888765214
758.5695365468789_5.730481543624161,585,758.5695365,5.730481544,Spectral Match to 1-Hexadecanoyl-2-octadecadienoyl-sn-glycero-3-phosphocholine from NIST14,,758.5695365468789_5.730481543624161,0.0028704824670728276
510.3571046644959_5.2715335427135654,177,510.35710470000004,5.271533543,1-Heptadecanoyl-sn-glycero-3-phosphocholine,,510.3571046644959_5.2715335427135654,0.0028466863525766915
596.255474234714_3.00637097868217,393,596.2554742000001,3.0063709789999997,,,596.255474234714_3.00637097868217,0.0026599569257733102
498.2886187865329_3.3986310643564406,165,498.2886188,3.398631064,Taurocholic acid,Taurocholic acid,498.2886187865329_3.3986310643564406,0.002558088439736595
431.383621750975_6.944787886178863,589,431.3836218,6.944787886,Spectral Match to (+)-.alpha.-Tocopherol from NIST14,,431.383621750975_6.944787886178863,0.0023390891565655937
782.5679339331381_5.62767048192771,275,782.5679339,5.627670482,Spectral Match to 1-Hexadecanoyl-2-(9Z-octadecenoyl)-sn-glycero-3-phosphocholine from NIST14,,782.5679339331381_5.62767048192771,0.0023390243403542265
426.32176106573894_3.835625839793279,291,426.32176110000006,3.83562584,Spectral Match to Cholic acid from NIST14,,426.32176106573894_3.835625839793279,0.002301661344891114
524.3719493567003_5.4130093415637885,40,524.3719494,5.4130093420000005,Spectral Match to 1-Stearoyl-2-hydroxy-sn-glycero-3-phosphocholine from NIST14,,524.3719493567003_5.4130093415637885,0.002221189356613716
758.5692803845723_5.617440423572743,829,758.5692803999999,5.617440424,Spectral Match to 1-Hexadecanoyl-2-octadecadienoyl-sn-glycero-3-phosphocholine from NIST14,,758.5692803845723_5.617440423572743,0.002209208773955827
498.2886047879317_3.1242530303030267,88,498.28860480000003,3.12425303,Taurocholic acid,Tauro-b-muricholic acid,498.2886047879317_3.1242530303030267,0.0020542248943944785
391.2843336651917_3.899385510688836,18,391.2843337,3.899385511,.beta.-Muricholic acid,a-Muricholic acid,391.2843336651917_3.899385510688836,0.0020517064002948684
514.283968153228_3.3051131999999996,992,514.2839682,3.3051132000000005,,,514.283968153228_3.3051131999999996,0.0020221646619653284
302.305179305605_5.05359645732689,987,302.3051793,5.053596457,1-desoxymethylsphinganine,,302.305179305605_5.05359645732689,0.0020139942937594997
426.32152307695407_3.9942020940170946,150,426.32152310000004,3.994202094,Spectral Match to Cholic acid from NIST14,,426.32152307695407_3.9942020940170946,0.0020102656043367133
798.5888027197244_4.6915515873015865,184,798.5888027000001,4.691551587,,,798.5888027197244_4.6915515873015865,0.0019635396261872304
784.583127283576_5.619065454545453,609,784.5831272999999,5.619065455,Spectral Match to Arachidonoylthio-PC from NIST14,,784.583127283576_5.619065454545453,0.001871909746464093
613.2819354976596_3.1316232423490518,23,613.2819355,3.131623242,,,613.2819354976596_3.1316232423490518,0.0018532078406104978
407.2794823026037_4.327839556692241,154,407.27948230000004,4.327839557,,,407.2794823026037_4.327839556692241,0.0018379893192244517
598.2553715131866_3.114007936507938,912,598.2553715,3.114007937,,,598.2553715131866_3.114007936507938,0.0018091191697686016
706.5384917509999_5.603201025641027,277,706.5384918,5.603201026,Spectral Match to 1-Myristoyl-2-palmitoyl-sn-glycero-3-phosphocholine from NIST14,,706.5384917509999_5.603201025641027,0.0017963328888223962
373.2737632068537_3.6807178630363,123,373.27376319999996,3.680717863,Spectral Match to Cholic acid from NIST14,,373.2737632068537_3.6807178630363,0.0017534623611680875
424.30595945489506_3.9794632535461005,690,424.3059595,3.9794632539999997,,,424.30595945489506_3.9794632535461005,0.0017104777363077589
407.279362595115_3.601989730639734,187,407.2793626,3.601989731,,,407.279362595115_3.601989730639734,0.0016314137132328774
391.28440813423026_3.83471722090261,53,391.2844081,3.8347172210000005,Spectral Match to 12-Ketodeoxycholic acid from NIST14,a-Muricholic acid,391.28440813423026_3.83471722090261,0.0015453903652375373
482.3243922829868_5.3799362318840585,273,482.32439230000006,5.379936232,1-Stearoyl-2-hydroxy-sn-glycero-3-phosphoethanolamine,,482.3243922829868_5.3799362318840585,0.0015343681111501734
392.2876396568457_3.9740715261044195,61,392.2876397,3.9740715260000004,,,392.2876396568457_3.9740715261044195,0.0015129175867662277
389.2690331387742_3.437795402298853,250,389.2690331,3.437795402,,,389.2690331387742_3.437795402298853,0.0014767192609266436
703.5759096318353_5.583274574829932,1162,703.5759096,5.583274575,Palmitoyl sphingomyelin,,703.5759096318353_5.583274574829932,0.0014672825939172033
444.38406309814224_7.254970476190479,93,444.3840631,7.2549704760000004,,,444.38406309814224_7.254970476190479,0.0014017266717406746
110.0201281989181_3.219907759303246,649,110.02012820000002,3.219907759,,,110.0201281989181_3.219907759303246,0.0013665515530865513
355.2633984884364_3.811552948402946,79,355.2633985,3.811552948,Spectral Match to Cholic acid from NIST14,a-Muricholic acid,355.2633984884364_3.811552948402946,0.0013596166228320142
758.5698457657427_7.244787368421053,105,758.5698457999999,7.244787368,Spectral Match to 1-Hexadecanoyl-2-octadecadienoyl-sn-glycero-3-phosphocholine from NIST14,,758.5698457657427_7.244787368421053,0.0013193633792183716
340.2850399793863_5.793000706713783,256,340.28504,5.793000707000001,,,340.2850399793863_5.793000706713783,0.0013128637846760982
732.5537552099563_5.6167176190476225,1080,732.5537552000001,5.616717619,Spectral Match to 1-(9Z-Octadecenoyl)-2-tetradecanoyl-sn-glycero-3-phosphocholine from NIST14,,732.5537552099563_5.6167176190476225,0.0013102390660630976
369.3516875916813_7.263832002801122,1228,369.3516876,7.263832002999999,Spectral Match to Cholesterol from NIST14,,369.3516875916813_7.263832002801122,0.001210046965917629
758.5695311425798_7.689514425770307,219,758.5695311000001,7.689514426000001,Spectral Match to 1-Hexadecanoyl-2-octadecadienoyl-sn-glycero-3-phosphocholine from NIST14,,758.5695311425798_7.689514425770307,0.0011779722523339543
391.2843719708507_4.369248333333332,80,391.284372,4.369248333,,Cholic acid,391.2843719708507_4.369248333333332,0.001025421931808431
102.03387924612673_3.956305423594617,333,102.0338792,3.956305424,,,102.03387924612673_3.956305423594617,0.0010224537288666816
440.27765884415334_4.961055906148866,212,440.27765880000004,4.961055906,,,440.27765884415334_4.961055906148866,0.0010066026062755455
297.241861938507_5.40339303542673,207,297.2418619,5.403393035,"Spectral Match to 12,13-DiHOME from NIST14",,297.241861938507_5.40339303542673,0.0009682704184114586
596.2557651658044_3.451775761531767,955,596.2557652,3.451775762,,,596.2557651658044_3.451775761531767,0.0009596363971266357
834.6082798987323_4.226588679245283,1212,834.6082799,4.226588679,,,834.6082798987323_4.226588679245283,0.0009528423000518405
391.2844444023548_4.6659394695170215,35,391.2844444,4.66593947,Spectral Match to 12-Ketodeoxycholic acid from NIST14,,391.2844444023548_4.6659394695170215,0.0009327088033495079
803.5437793127196_4.677818069584739,366,803.5437793,4.67781807,,,803.5437793127196_4.677818069584739,0.0008963891915944902
366.2282903933912_3.3460779220779227,196,366.22829039999993,3.346077922,,,366.2282903933912_3.3460779220779227,0.0008889344917744619
461.3625776399708_5.68625316239316,220,461.36257760000007,5.686253162000001,,,461.3625776399708_5.68625316239316,0.0008749974307196975
374.2771151341289_3.8368078358208924,58,374.2771151,3.836807836,,,374.2771151341289_3.8368078358208924,0.000869610034885656
506.27911240204685_3.7126306003584237,145,506.2791124,3.7126306000000002,,,506.27911240204685_3.7126306003584237,0.0008321167654960569
516.2998568826378_3.2370200341005964,372,516.2998569,3.237020034,Taurocholic acid,Taurocholic acid,516.2998568826378_3.2370200341005964,0.0007809615858396346
357.2786987894223_4.40528849303849,151,357.2786988,4.4052884930000005,Spectral Match to Chenodeoxycholic acid from NIST14,Hyodeoxycholic acid,357.2786987894223_4.40528849303849,0.0006906023493873204
110.02013282210146_3.146934085510694,630,110.0201328,3.1469340860000004,,,110.02013282210146_3.146934085510694,0.000680139468297584
593.3330625900207_4.503197092013891,131,593.3330626000001,4.503197092,,,593.3330625900207_4.503197092013891,0.0006515284728706503
326.37793168777256_5.5902060067681925,599,326.3779317,5.590206007000001,,,326.37793168777256_5.5902060067681925,0.0006507415631670972
130.53344419857015_7.7933719841269875,1200,130.5334442,7.793371984,,,130.53344419857015_7.7933719841269875,0.0006277532360871676
332.3307817246258_5.3103554720133594,612,332.3307817,5.3103554719999995,Spectral Match to Benzyltetradecyldimethylammonium from NIST14,,332.3307817246258_5.3103554720133594,0.0006182095095772067
480.2780677715411_3.005617592592594,670,480.27806780000003,3.005617593,Taurocholic acid,Tauro-b-muricholic acid,480.2780677715411_3.005617592592594,0.0005815807615707723
595.3473135705736_4.461904180418042,224,595.3473136,4.46190418,,,595.3473135705736_4.461904180418042,0.0005742090897815757
319.1649826957319_2.9228617647058837,560,319.1649827,2.922861765,,,319.1649826957319_2.9228617647058837,0.0005722267923326117
409.29478942338005_3.8216209523809517,213,409.2947894,3.821620952,Spectral Match to Cholic acid from NIST14,a-Muricholic acid,409.29478942338005_3.8216209523809517,0.0005716137826605681
355.2634225376171_4.167263793103449,104,355.2634225,4.167263793,Spectral Match to Cholic acid from NIST14,Cholic acid,355.2634225376171_4.167263793103449,0.0005634160241381013
110.02019991723891_5.642833013589131,85,110.02019990000001,5.642833014,,,110.02019991723891_5.642833013589131,0.0005597645934369359
596.255578999257_3.2703611531986527,457,596.255579,3.270361153,,,596.255578999257_3.2703611531986527,0.0005596904966585816
445.36769660751315_5.895247612958226,428,445.3676966,5.8952476129999996,,,445.36769660751315_5.895247612958226,0.0005503874715170398
98.51210407431316_5.6373376984127,124,98.51210407,5.637337698,,,98.51210407431316_5.6373376984127,0.000546520149188054
110.02021444352327_8.070619841269844,132,110.02021440000001,8.070619841000001,,,110.02021444352327_8.070619841269844,0.0005441370957980916
538.388170693044_5.506343478260868,1177,538.3881707,5.506343478,,,538.388170693044_5.506343478260868,0.0005375622194669353
817.582513558251_3.9772930915371325,27,817.5825136,3.977293092,Spectral Match to Cholic acid from NIST14,b-Muricholic acid,817.582513558251_3.9772930915371325,0.0005284090909090908
591.3173118271469_5.414222282120394,180,591.3173118,5.414222282000001,,,591.3173118271469_5.414222282120394,0.0005226816539542353
265.1548148247984_1.7458131377551012,181,265.1548148,1.7458131380000002,Val-Phe,,265.1548148247984_1.7458131377551012,0.0005187370209384635
815.5666025148184_4.107404354838711,129,815.5666025,4.107404355,,,815.5666025148184_4.107404354838711,0.000488475533962568
538.5207897650293_7.568412820512821,66,538.5207897999999,7.568412821,Ceramide (18:1/16:0),,538.5207897650293_7.568412820512821,0.0004874898947433225
556.530196125893_7.144701557632398,217,556.5301961,7.1447015579999995,,,556.530196125893_7.144701557632398,0.0004864399085649662
110.02023192653986_1.2198118368962794,746,110.02023190000001,1.219811837,,,110.02023192653986_1.2198118368962794,0.0004706758609476701
615.3160176648275_4.445441628614919,450,615.3160177,4.445441628999999,,,615.3160176648275_4.445441628614919,0.0004597414611782427
408.3118484055009_4.670038311688313,260,408.3118484,4.670038312,,,408.3118484055009_4.670038311688313,0.00045129271895924696
285.6640846812734_3.979045349794239,186,285.6640847,3.97904535,,,285.6640846812734_3.979045349794239,0.0004393648763853368
373.27380630137947_5.041492465192465,102,373.2738063,5.041492465,3.alpha.-Hydroxy-7-oxo-5.beta.-cholanic acid,,373.27380630137947_5.041492465192465,0.00043154251284810647
110.02020789262785_7.81588739061257,1,110.02020790000002,7.815887391,,,110.02020789262785_7.81588739061257,0.0004250868302640588
110.02015462037099_4.275475534441805,361,110.02015459999998,4.275475534,,,110.02015462037099_4.275475534441805,0.00042341339902728857
596.2556624890921_3.33799677554439,605,596.2556625,3.337996776,,,596.2556624890921_3.33799677554439,0.00040921842522029727
110.0201696998787_5.088450238095235,128,110.0201697,5.088450238,,,110.0201696998787_5.088450238095235,0.00039931105177133495
817.5826237288574_3.8388936842105252,188,817.5826237000001,3.838893684,Spectral Match to Cholic acid from NIST14,a-Muricholic acid,817.5826237288574_3.8388936842105252,0.00039751087667660686
110.02020113798208_2.9417129849564514,549,110.0202011,2.941712985,,,110.02020113798208_2.9417129849564514,0.0003918894961524866
373.2738348512753_3.8372961569579247,10,373.2738349,3.837296157,.beta.-Muricholic acid,a-Muricholic acid,373.2738348512753_3.8372961569579247,0.0003887959866220734
110.0202335625091_2.7702315518606495,579,110.02023359999998,2.770231552,,,110.0202335625091_2.7702315518606495,0.00038879598662207337
601.5399281469334_5.45405833333333,281,601.5399281,5.454058333,,,601.5399281469334_5.45405833333333,0.0003800026504108137
817.5822893341162_4.2090098459846,83,817.5822893,4.209009846,,Cholic acid,817.5822893341162_4.2090098459846,0.00036664837329730953
110.02012527743204_3.300275098970705,646,110.0201253,3.300275099,,,110.02012527743204_3.300275098970705,0.0003642978896921419
538.5207379522778_7.62220117647059,514,538.5207379999999,7.622201176,Ceramide (18:1/16:0),,538.5207379522778_7.62220117647059,0.00036218600006669266
110.02014937300868_3.815846278701503,528,110.0201494,3.8158462789999996,,,110.02014937300868_3.815846278701503,0.00035519742407219736
110.02016331655294_4.439239865399837,315,110.0201633,4.439239865,,,110.02016331655294_4.439239865399837,0.00034611197006843006
110.02019650493665_3.5824292953285832,418,110.02019650000001,3.582429295,,,110.02019650493665_3.5824292953285832,0.00034548850614167113
102.0339756397212_2.758405027711797,318,102.03397559999999,2.7584050280000003,,,102.0339756397212_2.758405027711797,0.00033524009494733737
595.347069104557_4.529180469483568,301,595.3470691000001,4.529180469,,,595.347069104557_4.529180469483568,0.00033201745634672467
372.31115079457936_5.051512199312714,287,372.3111508,5.051512198999999,Myristoyl-L-carnitine,,372.31115079457936_5.051512199312714,0.00032911087834308584
426.32149952559405_4.251527932489451,75,426.3214995,4.251527932,Spectral Match to Cholic acid from NIST14,,426.32149952559405_4.251527932489451,0.0003244764422343899
98.51213674005557_1.1811000000000003,360,98.51213674,1.1811,,,98.51213674005557_1.1811000000000003,0.0003232774774586621
124.08728561704635_6.547636468253967,51,124.08728559999999,6.547636467999999,Ferimzone,,124.08728561704635_6.547636468253967,0.00031695748203331114
373.27386451947183_3.9615752818035452,5,373.2738645,3.961575282,.beta.-Muricholic acid,b-Muricholic acid,373.27386451947183_3.9615752818035452,0.0003134522101523536
110.02014256398978_5.012153571428574,140,110.0201426,5.012153571,,,110.02014256398978_5.012153571428574,0.0003103743961352658
400.342270054605_5.278609499575904,189,400.3422701,5.2786095,Spectral Match to Palmitoylcarnitine from NIST14,,400.342270054605_5.278609499575904,0.0002974125406121049
506.27907974349694_3.788732373472948,446,506.2790797,3.788732373,,,506.27907974349694_3.788732373472948,0.0002775242751907479
374.27706481344507_3.9006440359477117,21,374.2770648,3.900644036,,,374.27706481344507_3.9006440359477117,0.00027421494913754986
407.27944933813905_4.431053350739772,590,407.2794493,4.431053351,,,407.27944933813905_4.431053350739772,0.0002666794698385954
124.08730142639908_7.5232523809523775,47,124.0873014,7.523252381,Ferimzone,,124.08730142639908_7.5232523809523775,0.00025985291681436106
102.03393384905651_4.504173277909735,225,102.0339338,4.504173278000001,,,102.03393384905651_4.504173277909735,0.000256418592090149
498.28865690298113_3.214414655172414,171,498.28865690000003,3.214414655,Taurocholic acid,,498.28865690298113_3.214414655172414,0.0002527845036319612
344.2547108362567_2.3832973090277774,148,344.2547108,2.383297309,Val Leu Ile,,344.2547108362567_2.3832973090277774,0.0002507631257631258
369.3516107185559_7.3227757575757515,1289,369.3516107,7.322775758,Spectral Match to Cholesterol from NIST14,,369.3516107185559_7.3227757575757515,0.00025070098756777937
110.0201791876693_3.0140786619160718,570,110.02017920000002,3.0140786619999997,,,110.0201791876693_3.0140786619160718,0.0002505900870775322
597.2885244321143_3.4814098837209304,226,597.2885244,3.4814098839999996,,,597.2885244321143_3.4814098837209304,0.000245958880897929
611.266392401223_3.1047045495495476,388,611.2663924,3.10470455,,,611.266392401223_3.1047045495495476,0.00024403958614484939
593.3321674030915_3.307216491228074,30,593.3321674,3.307216491,,,593.3321674030915_3.307216491228074,0.00024296694559085226
387.25293907963976_4.527274320652176,427,387.25293910000005,4.527274321,,,387.25293907963976_4.527274320652176,0.00024229266174554924
782.568585633585_5.5654393424036295,385,782.5685856,5.565439342,Spectral Match to 1-Hexadecanoyl-2-(9Z-octadecenoyl)-sn-glycero-3-phosphocholine from NIST14,,782.568585633585_5.5654393424036295,0.00024229266174554924
227.10665565787215_4.875987409420291,369,227.1066557,4.8759874089999995,,,227.10665565787215_4.875987409420291,0.00024209662288930588
371.25804395289146_5.224914940962756,325,371.258044,5.224914941000001,,,371.25804395289146_5.224914940962756,0.0002407966878379172
319.16471546976635_3.0340440821256056,159,319.1647155,3.034044082,,,319.16471546976635_3.0340440821256056,0.00023980067817153705
297.1843811852639_3.989424044444444,600,297.1843812,3.9894240439999997,Marrubiin,,297.1843811852639_3.989424044444444,0.00023557462773454897
110.02018690925314_3.4809115201900234,429,110.0201869,3.48091152,,,110.02018690925314_3.4809115201900234,0.0002323170935373471
110.02022483806937_8.850304285714294,483,110.0202248,8.850304286,,,110.02022483806937_8.850304285714294,0.00023029899033871399
589.30170307438_3.7674697944593385,417,589.3017031,3.7674697939999997,,,589.30170307438_3.7674697944593385,0.0002243787553554317
593.3334731018696_4.447076538108354,331,593.3334731000001,4.447076538,,,593.3334731018696_4.447076538108354,0.0002226063829787234
245.1860454479588_1.9566192275398835,134,245.18604539999998,1.956619228,Ile-Ile,,245.1860454479588_1.9566192275398835,0.00021686013125512708
98.51213622380452_1.1123858273950908,373,98.51213622,1.112385827,,,98.51213622380452_1.1123858273950908,0.00020517489046900807
807.5747994804104_5.002238576158943,172,807.5747995,5.002238576,,,807.5747994804104_5.002238576158943,0.00019964221824686943
110.02024224499729_2.6173315914489317,619,110.0202422,2.617331591,,,110.02024224499729_2.6173315914489317,0.00019871794871794869
498.2885151269568_2.9915614784205697,683,498.28851510000004,2.991561478,Taurocholic acid,Tauro-b-muricholic acid,498.2885151269568_2.9915614784205697,0.00019632354726694344
565.5669381512464_6.936981886387998,176,565.5669382,6.936981886,,,565.5669381512464_6.936981886387998,0.0001771428571428571
110.02021383644247_7.759760119047619,6,110.02021380000001,7.759760119,,,110.02021383644247_7.759760119047619,0.0001765916381793493
613.2818593475761_3.0683389583333347,28,613.2818593,3.068338958,,,613.2818593475761_3.0683389583333347,0.00017645719489981784
613.2822813339302_3.4123415447154475,108,613.2822812999999,3.412341545,,,613.2822813339302_3.4123415447154475,0.00017072804235163306
375.2823823093722_4.763879727564106,1363,375.28238230000005,4.763879728,.beta.-Hyodeoxycholic acid,,375.2823823093722_4.763879727564106,0.00016983508073390824
188.07105261821928_1.0877831623931622,62,188.07105259999997,1.087783162,Spectral Match to DL-Indole-3-lactic acid from NIST14,,188.07105261821928_1.0877831623931622,0.00016851011533371155
611.2667374504261_2.9604189859762684,97,611.2667375,2.960418986,,,611.2667374504261_2.9604189859762684,0.0001678915061583548
355.26345778864146_4.348874125000002,263,355.2634578,4.348874125,Spectral Match to Cholic acid from NIST14,Cholic acid,355.26345778864146_4.348874125000002,0.0001678569226025285
392.2876850217093_4.1326546698872795,179,392.287685,4.13265467,,,392.2876850217093_4.1326546698872795,0.00016777312743541646
564.5355528957349_7.5960273536895695,113,564.5355529,7.596027353999999,N-Oleoyl-4-sphingenine,,564.5355528957349_7.5960273536895695,0.00016636851520572448
110.0202216974755_8.776374166666674,463,110.0202217,8.776374167,,,110.0202216974755_8.776374166666674,0.00016628290640834193
176.10545338675553_6.335825306893298,469,176.1054534,6.335825307,,,176.10545338675553_6.335825306893298,0.00016571428571428575
110.02016456506824_3.3962740300871,543,110.0201646,3.39627403,,,110.02016456506824_3.3962740300871,0.0001655918181225979
591.3177822063502_3.305235793044955,15,591.3177822,3.305235793,Spectral Match to Urobilin from NIST14,,591.3177822063502_3.305235793044955,0.00016549922380826166
391.28441949579167_4.502703968253968,191,391.28441949999996,4.5027039680000005,.beta.-Muricholic acid,,391.28441949579167_4.502703968253968,0.00016503992901508422
330.2390031180796_2.0801152380952397,173,330.23900310000005,2.0801152380000003,Val Val Leu,,330.2390031180796_2.0801152380952397,0.00016489361702127662
373.2738368473866_4.8070073398215705,111,373.2738368,4.80700734,3.alpha.-Hydroxy-7-oxo-5.beta.-cholanic acid,,373.2738368473866_4.8070073398215705,0.00016444262025657375
427.32450792011883_4.249879948586119,231,427.3245079,4.249879948999999,,,427.32450792011883_4.249879948586119,0.00016386943306462274
125.08250778295111_7.702614404761908,206,125.0825078,7.702614405,,,125.08250778295111_7.702614404761908,0.00016386943306462274
110.02018243997018_4.85447011084719,101,110.0201824,4.854470111,,,110.02018243997018_4.85447011084719,0.0001615593079007713
373.27389317724237_4.240086231884057,50,373.2738932,4.2400862319999995,.beta.-Muricholic acid,Cholic acid,373.27389317724237_4.240086231884057,0.00016121232653181394
594.2399187508345_2.941121104536488,678,594.2399187999999,2.941121105,,,594.2399187508345_2.941121104536488,0.00016010141321188783
783.5765631761528_5.031624632768362,183,783.5765632,5.031624633,,,783.5765631761528_5.031624632768362,0.00015806324110671948
407.27951125969184_3.9745393401015234,310,407.27951129999997,3.97453934,,,407.27951125969184_3.9745393401015234,0.00015798037531386294
613.2814839607495_2.9879192207792236,1299,613.281484,2.9879192210000003,,,613.2814839607495_2.9879192207792236,0.00015418460066953614
110.02015219086128_4.223068487727634,302,110.02015220000001,4.223068488,,,110.02015219086128_4.223068487727634,0.00015148014088994314
594.2398158397231_3.181944548286605,1395,594.2398158,3.181944548,,,594.2398158397231_3.181944548286605,0.00015107629582190174
432.2382869456499_4.898861361737678,86,432.2382869,4.898861362,"NCGC00385123-01_C22H30O6_7b,9-Dihydroxy-3-(hydroxymethyl)-1,1,6,8-tetramethyl-5-oxo-1,1a,1b,4,4a,5,7a,7b,8,9-decahydro-9aH-cyclopropa[3,4]benzo[1,2-e]azulen-9a-yl acetate",,432.2382869456499_4.898861361737678,0.00015031073185376776
413.265485674941_4.673246264367816,461,413.2654857,4.673246263999999,,,413.265485674941_4.673246264367816,0.00013815217391304358
598.255249134542_3.2068600864553325,390,598.2552491,3.2068600860000003,,,598.255249134542_3.2068600864553325,0.00013457364341085273
110.02009526468262_3.9645871733966764,559,110.0200953,3.964587173,,,110.02009526468262_3.9645871733966764,0.00012824048538334255
188.0710260212719_1.1735874416433245,146,188.071026,1.173587442,Spectral Match to DL-Indole-3-lactic acid from NIST14,,188.0710260212719_1.1735874416433245,0.000127307535669905
231.17059793745113_1.245761274509803,94,231.17059790000002,1.245761275,Spectral Match to Val-Leu from NIST14,,231.17059793745113_1.245761274509803,0.0001240496198479392
407.2793260908103_3.6924033502968627,234,407.27932610000005,3.69240335,,,407.2793260908103_3.6924033502968627,0.00011060034305317332
613.2820435299814_3.5425733496332525,237,613.2820435,3.54257335,,,613.2820435299814_3.5425733496332525,0.00010812052093564697
295.2265220025125_5.292572235481309,169,295.22652200000005,5.292572235,"13-Keto-9Z,11E-octadecadienoic acid",,295.2265220025125_5.292572235481309,0.00010788557847381387
245.18602615492813_1.9030965588723041,95,245.18602620000001,1.903096559,Ile-Ile,,245.18602615492813_1.9030965588723041,0.00010333333333333333
460.271981224879_4.870840909090909,436,460.27198119999997,4.870840909,,,460.271981224879_4.870840909090909,9.070010449320788e-05
110.02007424221388_4.063440498812352,525,110.02007420000001,4.0634404989999995,,,110.02007424221388_4.063440498812352,9.007263922518159e-05
110.02017852597446_3.708058432304038,494,110.02017849999999,3.708058432,,,110.02017852597446_3.708058432304038,8.908045977011505e-05
613.2823131716367_3.352513325183376,91,613.2823132,3.352513325,,,613.2823131716367_3.352513325183376,8.629839060461065e-05
205.09755739321307_1.0884807017543858,14,205.0975574,1.088480702,Massbank:PB006082 Tryptophan|(2S)-2-amino-3-(1H-indol-3-yl)propanoic acid,,205.09755739321307_1.0884807017543858,8.593208593208601e-05
355.26338080430236_3.96542493887531,32,355.2633808,3.9654249389999996,Spectral Match to Cholic acid from NIST14,b-Muricholic acid,355.26338080430236_3.96542493887531,8.54700854700854e-05
245.18606462021052_1.5881154639175263,45,245.18606459999998,1.5881154640000001,Spectral Match to Ile-Leu from NIST14,,245.18606462021052_1.5881154639175263,8.534546047801607e-05
373.2738491153533_3.899919847020934,4,373.27384910000006,3.899919847,.beta.-Muricholic acid,a-Muricholic acid,373.2738491153533_3.899919847020934,8.467095497278581e-05
110.02024637148666_1.5491051068883606,693,110.02024640000002,1.549105107,,,110.02024637148666_1.5491051068883606,8.454545454545458e-05
110.02016136232342_3.764432620744259,499,110.0201614,3.764432621,,,110.02016136232342_3.764432620744259,8.454545454545452e-05
274.2011125713562_2.764944897003747,443,274.20111260000004,2.764944897,,,274.2011125713562_2.764944897003747,8.454545454545452e-05
424.3059933610746_4.100154027420742,185,424.3059933999999,4.100154027,,,424.3059933610746_4.100154027420742,8.445182724252488e-05
426.32144352019424_4.156249479166668,63,426.3214435,4.1562494789999995,Spectral Match to Cholic acid from NIST14,,426.32144352019424_4.156249479166668,8.435374149659867e-05
498.28866618026575_3.272034152334153,203,498.28866619999997,3.272034152,Taurocholic acid,Taurocholic acid,498.28866618026575_3.272034152334153,8.435374149659864e-05
445.3677253045699_5.753125485232065,289,445.3677253000001,5.753125485,,,445.3677253045699_5.753125485232065,8.42391304347827e-05
478.26230419511086_4.215151761517616,216,478.26230419999996,4.215151762,,,478.26230419511086_4.215151761517616,8.42391304347827e-05
102.0339167150707_4.417935787806806,204,102.0339167,4.417935788,,,102.0339167150707_4.417935787806806,8.42391304347827e-05
243.08739966525593_2.796451214771624,200,243.0873997,2.796451215,Lumichrome,,243.08739966525593_2.796451214771624,8.420099592575833e-05
247.16650946418758_7.728494246031743,115,247.16650950000002,7.728494246,NCGC00385962-01_C16H24O3_,,247.16650946418758_7.728494246031743,8.416120339460233e-05
110.02019114170201_4.528576088677748,258,110.02019109999999,4.5285760889999995,,,110.02019114170201_4.528576088677748,8.407619207804218e-05
589.3019805823072_3.714467548500879,182,589.3019806,3.7144675489999996,,,589.3019805823072_3.714467548500879,8.406084656084652e-05
358.28219024838404_4.7314112935323385,168,358.2821902,4.731411294,,,358.28219024838404_4.7314112935323385,8.38900634249471e-05
373.2738136505699_3.7691618866328254,31,373.2738137,3.769161887,.beta.-Muricholic acid,a-Muricholic acid,373.2738136505699_3.7691618866328254,8.260932297447283e-05
124.08727814161806_5.8861805555555575,54,124.08727809999999,5.886180556,Ferimzone,,124.08727814161806_5.8861805555555575,8.240297713981925e-05
537.5371743934438_6.842152044609668,67,537.5371744,6.842152045,,,537.5371743934438_6.842152044609668,8.098693759071112e-05
102.03392143623826_4.81134212193191,283,102.0339214,4.811342122,,,102.03392143623826_4.81134212193191,8.07673364854216e-05
134.06038420584605_2.1754706119162646,684,134.0603842,2.175470612,2-Amino-4-methylbenzophenone,,134.06038420584605_2.1754706119162646,8.05798755905769e-05
357.2790342187017_4.549109918699187,43,357.27903419999996,4.549109919,Spectral Match to Chenodeoxycholic acid from NIST14,,357.2790342187017_4.549109918699187,8.052383527775633e-05
110.02021065777015_8.002647738095238,84,110.0202107,8.002647738,,,110.02021065777015_8.002647738095238,7.908163265306123e-05
391.28440194800015_4.20155150793651,116,391.2844019,4.2015515080000005,,Cholic acid,391.28440194800015_4.20155150793651,7.821041123538812e-05
110.02012744054508_3.906551029295329,440,110.02012739999999,3.9065510289999996,,,110.02012744054508_3.906551029295329,7.786046511627909e-05
429.30024421899316_5.191461812865499,253,429.3002442,5.191461813,,,429.30024421899316_5.191461812865499,7.742830712303422e-05
102.03388646399013_4.092887806809185,304,102.0338865,4.092887807,,,102.03388646399013_4.092887806809185,7.699383164005817e-05
102.03393564906489_4.643837767220899,279,102.03393559999999,4.643837767,,,102.03393564906489_4.643837767220899,7.647240209682392e-05
328.9153537526211_7.793235132819189,274,328.9153538,7.793235133,,,328.9153537526211_7.793235132819189,7.598039215686276e-05
546.3541852160604_5.423615672348483,396,546.3541852000001,5.423615672,Spectral Match to 1-Octadecanoyl-sn-glycero-3-phosphocholine from NIST14,,546.3541852160604_5.423615672348483,7.527752081406106e-05
110.0201860830641_5.2106121031746,114,110.0201861,5.210612103,,,110.0201860830641_5.2106121031746,7.189239332096474e-05
124.08728690941463_6.739142142857144,55,124.0872869,6.739142143,Ferimzone,,124.08728690941463_6.739142142857144,7.175925925925925e-05
98.51211320860223_7.841200396825396,8,98.51211321,7.841200397000001,,,98.51211320860223_7.841200396825396,6.888888888888887e-05
98.51212305114663_8.250678452380955,167,98.51212305,8.250678452,,,98.51212305114663_8.250678452380955,6.882516188714149e-05
834.6086506397203_4.346503490028489,74,834.6086506,4.34650349,,,834.6086506397203_4.346503490028489,6.488372093023257e-05
98.5120862183565_4.858910490894697,284,98.51208622,4.8589104910000005,,,98.5120862183565_4.858910490894697,6.470315398886827e-05
278.1900205440656_3.825939771689496,12,278.1900205,3.825939772,Spectral Match to Amitriptyline from NIST14,,278.1900205440656_3.825939771689496,6.470315398886827e-05
205.0974803291229_1.170075811688312,39,205.0974803,1.170075812,Massbank:PB006082 Tryptophan|(2S)-2-amino-3-(1H-indol-3-yl)propanoic acid,,205.0974803291229_1.170075811688312,5.767441860465116e-05
516.3001954425159_3.6121693593314776,822,516.3001954,3.6121693589999997,Spectral Match to Taurocholic acid from NIST14,,516.3001954425159_3.6121693593314776,5.751391465677179e-05
326.377650457406_5.358003633720932,109,326.3776505,5.358003634,,,326.377650457406_5.358003633720932,5.74074074074074e-05
102.03391929067672_3.3739507521773597,320,102.0339193,3.373950752,,,102.03391929067672_3.3739507521773597,4.255374255374251e-05
480.27793047214385_3.2483040630182436,311,480.27793049999997,3.248304063,Taurocholic acid,Taurocholic acid,480.27793047214385_3.2483040630182436,4.112913664408688e-05
102.03399220381745_1.602333729216153,444,102.0339922,1.6023337290000002,,,102.03399220381745_1.602333729216153,1.570356472795501e-05
593.3311727591333_3.1979773281114006,44,593.3311727999999,3.1979773280000003,,,593.3311727591333_3.1979773281114006,1.5418623929262314e-05
113.01684994052223_7.769182857142853,135,113.01684990000001,7.7691828570000006,,,113.01684994052223_7.769182857142853,9.404347367310243e-06
786.5970978738528_4.966060606060605,16,786.5970978999999,4.966060606,"1,2-dioleoyl-sn-glycero-3-phosphatidylcholine",,786.5970978738528_4.966060606060605,0.0
110.02023873441442_2.68455973871734,601,110.02023870000001,2.6845597389999996,,,110.02023873441442_2.68455973871734,0.0
110.02022554362156_8.538550753968256,472,110.0202255,8.538550754,,,110.02022554362156_8.538550753968256,0.0
817.5827438563928_3.91230025706941,41,817.5827439,3.912300257,Spectral Match to Cholic acid from NIST14,a-Muricholic acid,817.5827438563928_3.91230025706941,0.0
594.2397219136421_2.9911578167115893,595,594.2397219,2.991157817,,,594.2397219136421_2.9911578167115893,0.0
391.28439536665906_3.9751410530482985,11,391.2843954,3.975141053,.beta.-Muricholic acid,b-Muricholic acid,391.28439536665906_3.9751410530482985,0.0
278.1901821022182_3.7710161641541045,9,278.1901821000001,3.7710161639999997,Spectral Match to Amitriptyline from NIST14,,278.1901821022182_3.7710161641541045,0.0
613.282108776347_3.1847536758563093,38,613.2821088,3.184753676,,,613.282108776347_3.1847536758563093,0.0
110.02020760140748_7.920386706349201,42,110.02020759999999,7.920386706,,,110.02020760140748_7.920386706349201,0.0
785.5917010851729_4.964863620071681,7,785.5917011,4.96486362,Spectral Match to Deoxycholic acid from NIST14,Deoxycholic acid,785.5917010851729_4.964863620071681,0.0
357.2789208085304_4.965391768541157,3,357.27892080000004,4.965391769,Spectral Match to Chenodeoxycholic acid from NIST14,Deoxycholic acid,357.2789208085304_4.965391768541157,0.0
176.1054572186323_6.241589682539686,471,176.1054572,6.241589683,,,176.1054572186323_6.241589682539686,0.0
537.5366557279391_6.90643127022653,1638,537.5366557,6.90643127,,,537.5366557279391_6.90643127022653,0.0
358.28198237386744_5.002188993710692,17,358.28198239999995,5.002188994,,,358.28198237386744_5.002188993710692,0.0
373.2738834210518_4.134483049472831,36,373.2738834,4.134483049,.beta.-Muricholic acid,Cholic acid,373.2738834210518_4.134483049472831,0.0
357.2789364105664_4.4958231275720175,48,357.27893639999996,4.4958231280000005,Spectral Match to Chenodeoxycholic acid from NIST14,Ursodeoxycholic acid,357.2789364105664_4.4958231275720175,0.0
426.3583753562063_5.404038175675673,850,426.3583754,5.404038176,Spectral Match to Oleoyl L-carnitine from NIST14,,426.3583753562063_5.404038175675673,0.0
242.28397615210372_5.1941706214689285,37,242.2839762,5.1941706210000005,,,242.28397615210372_5.1941706214689285,0.0
817.5822089640344_4.14245161812298,19,817.582209,4.142451618,,Cholic acid,817.5822089640344_4.14245161812298,0.0
594.2398486259051_3.076376276694521,842,594.2398486000001,3.076376277,,,594.2398486259051_3.076376276694521,0.0
391.2843504961964_4.817494099913867,20,391.2843505,4.8174941,Spectral Match to 12-Ketodeoxycholic acid from NIST14,,391.2843504961964_4.817494099913867,0.0
110.02008087332989_4.115462272367378,495,110.02008090000001,4.115462272,,,110.02008087332989_4.115462272367378,0.0
245.18602430712792_1.8055792916666662,49,245.1860243,1.8055792919999998,Spectral Match to Ile-Leu from NIST14,,245.18602430712792_1.8055792916666662,0.0
341.68001372855105_1.7152326958105646,817,341.6800137,1.715232696,,,341.68001372855105_1.7152326958105646,0.0
817.5819012275743_4.34182890625,22,817.5819012000001,4.341828906,Spectral Match to Cholic acid from NIST14,Cholic acid,817.5819012275743_4.34182890625,0.0
374.2769870618042_3.9649062043795635,24,374.27698710000004,3.9649062039999996,,,374.2769870618042_3.9649062043795635,0.0
375.28936851656107_4.9664959784411264,25,375.2893685,4.966495978,.beta.-Hyodeoxycholic acid,Deoxycholic acid,375.28936851656107_4.9664959784411264,0.0
591.3181255513847_3.2408434693877544,26,591.3181256,3.2408434689999996,Spectral Match to Urobilin from NIST14,,591.3181255513847_3.2408434693877544,0.0
110.02024683109121_1.606291409342834,662,110.02024679999998,1.606291409,,,110.02024683109121_1.606291409342834,0.0
426.3215347022338_4.348209644194754,34,426.32153470000003,4.348209644,Spectral Match to Cholic acid from NIST14,,426.3215347022338_4.348209644194754,0.0
102.03399096589501_1.4619098970704658,536,102.033991,1.461909897,,,102.03399096589501_1.4619098970704658,0.0
110.02018404382555_5.1561848015872975,137,110.02018400000001,5.156184802,,,110.02018404382555_5.1561848015872975,0.0
110.02022337413632_8.632097103174601,465,110.02022340000002,8.632097103,,,110.02022337413632_8.632097103174601,0.0
427.357513408096_5.757757142857142,221,427.35751339999996,5.757757142999999,,,427.357513408096_5.757757142857142,0.0
183.14964650944066_2.952048524305558,197,183.14964650000002,2.952048524,,,183.14964650944066_2.952048524305558,0.0
596.2553866129206_3.096631266490762,201,596.2553866000001,3.096631266,,,596.2553866129206_3.096631266490762,0.0
815.566837853071_4.049409232954548,205,815.5668379,4.049409233,,,815.566837853071_4.049409232954548,0.0
593.3320133354831_3.361452459016397,106,593.3320133,3.3614524589999997,,,593.3320133354831_3.361452459016397,0.0
357.27906873865504_4.755498426870746,100,357.2790687,4.755498427,Spectral Match to Chenodeoxycholic acid from NIST14,Chenodeoxycholic acid,357.27906873865504_4.755498426870746,0.0
410.3260254736783_4.9945468297101465,99,410.3260255,4.99454683,,,410.3260254736783_4.9945468297101465,0.0
110.02018259005187_5.392937261904768,98,110.02018259999998,5.392937262,,,110.02018259005187_5.392937261904768,0.0
110.02019218538018_4.632308630245443,222,110.0201922,4.63230863,,,110.02019218538018_4.632308630245443,0.0
274.2738451525221_4.3399148851939815,119,274.2738452,4.339914885,,,274.2738451525221_4.3399148851939815,0.0
302.20745289912435_2.253235800865801,223,302.20745289999996,2.2532358009999998,Spectral Match to Ile-Gly-Ile from NIST14,,302.20745289912435_2.253235800865801,0.0
165.11363332398085_7.690036944444454,96,165.1136333,7.690036944,,,165.11363332398085_7.690036944444454,0.0
375.28914249273254_4.603294836400819,233,375.28914249999997,4.603294836,.beta.-Hyodeoxycholic acid,,375.28914249273254_4.603294836400819,0.0
102.03392956039137_3.6502253365003954,238,102.0339296,3.6502253369999997,,,102.03392956039137_3.6502253365003954,0.0
358.3677167129743_3.65612984126984,241,358.3677167,3.6561298410000003,,,358.3677167129743_3.65612984126984,0.0
460.2694616456105_4.875130018939395,243,460.26946160000006,4.875130019,,,460.2694616456105_4.875130018939395,0.0
102.03390403063428_3.8926771179730832,244,102.033904,3.892677118,,,102.03390403063428_3.8926771179730832,0.0
263.13956123221345_1.975692424242424,110,263.13956119999995,1.975692424,Spectral Match to Phe-Pro from NIST14,,263.13956123221345_1.975692424242424,0.0
498.2887360147189_3.05281409921671,178,498.28873600000003,3.052814099,Taurocholic acid,Tauro-b-muricholic acid,498.2887360147189_3.05281409921671,0.0
231.17058654622628_1.1937249999999995,52,231.1705865,1.193725,Spectral Match to Val-Leu from NIST14,,231.17058654622628_1.1937249999999995,0.0
359.2945967311869_5.381789561855671,155,359.2945967,5.381789562000001,Lithocholic acid,Lithocholic acid,359.2945967311869_5.381789561855671,0.0
407.2794190399907_4.237602295918368,139,407.279419,4.237602296,,,407.2794190399907_4.237602295918368,0.0
798.5869336788284_4.808930180180182,136,798.5869337,4.80893018,,,798.5869336788284_4.808930180180182,0.0
408.3112074965737_5.043336832412522,143,408.3112075,5.043336832,,,408.3112074965737_5.043336832412522,0.0
375.2888514505544_4.529086203941731,149,375.2888515,4.5290862039999995,,Ursodeoxycholic acid,375.2888514505544_4.529086203941731,0.0
494.25702836903923_3.578563319946452,133,494.2570284,3.57856332,,,494.25702836903923_3.578563319946452,0.0
415.21252770242796_4.874783090024331,130,415.21252769999995,4.87478309,"NCGC00385811-01!6-[3-[(3,4-dimethoxyphenyl)methyl]-4-methoxy-2-(methoxymethyl)butyl]-4-methoxy-1,3-benzodioxole",,415.21252770242796_4.874783090024331,0.0
375.28841385444065_4.755457302867381,153,375.2884139,4.755457303,Deoxycholic acid,Chenodeoxycholic acid,375.28841385444065_4.755457302867381,0.0
374.27701944181655_4.345186419753087,156,374.2770194,4.34518642,,,374.27701944181655_4.345186419753087,0.0
408.3111280714341_4.816674273255812,120,408.3111281,4.816674273,,,408.3111280714341_4.816674273255812,0.0
302.20747078066734_1.829415627705627,158,302.2074708,1.829415628,Ala Ile Val,,302.20747078066734_1.829415627705627,0.0
392.28736166242135_4.667996314102565,127,392.2873617,4.667996314,,,392.28736166242135_4.667996314102565,0.0
518.3227244289426_5.173496450216449,163,518.3227244,5.17349645,Spectral Match to 1-Hexadecanoyl-sn-glycero-3-phosphocholine from NIST14,,518.3227244289426_5.173496450216449,0.0
611.2665048072176_3.0487157584014537,164,611.2665047999999,3.048715758,,,611.2665048072176_3.0487157584014537,0.0
339.26842292150417_4.996220634920635,122,339.26842289999996,4.996220635,Chenodeoxycholic acid,Deoxycholic acid,339.26842292150417_4.996220634920635,0.0
595.3465934057178_3.2615907960199015,170,595.3465934,3.261590796,,,595.3465934057178_3.2615907960199015,0.0
815.5664048739462_4.329872855133615,174,815.5664049,4.329872855,,,815.5664048739462_4.329872855133615,0.0
110.02017629378129_4.800936144101347,248,110.0201763,4.800936144,,,110.02017629378129_4.800936144101347,0.0
110.02018913594192_5.291687500000002,92,110.02018909999998,5.2916875,,,110.02018913594192_5.291687500000002,0.0
102.03390965921888_4.290470981789394,251,102.03390970000001,4.2904709819999995,,,102.03390965921888_4.290470981789394,0.0
376.2924729358175_4.740066617790812,358,376.2924729,4.740066618,,,376.2924729358175_4.740066617790812,0.0
110.02019382823201_5.7596360714285755,329,110.0201938,5.759636071,,,110.02019382823201_5.7596360714285755,0.0
89.50662636922465_7.8271573015873,70,89.50662637,7.827157302000001,,,89.50662636922465_7.8271573015873,0.0
245.18604136910537_1.6810685185185172,68,245.1860414,1.681068519,Spectral Match to Leu-Leu from NIST14,,245.18604136910537_1.6810685185185172,0.0
446.37400433228123_5.9413917948718,342,446.3740043000001,5.941391795,,,446.37400433228123_5.9413917948718,0.0
102.0339942388989_1.8414407363420442,348,102.03399420000001,1.841440736,,,102.0339942388989_1.8414407363420442,0.0
391.28438910221354_4.13320590111643,65,391.28438910000006,4.133205901,,Cholic acid,391.28438910221354_4.13320590111643,0.0
124.08728107218272_6.098723849206349,64,124.0872811,6.098723849,1-Methyl-L-histidine,,124.08728107218272_6.098723849206349,0.0
124.0872811681449_6.393733849206353,60,124.08728119999999,6.393733849,Ferimzone,,124.0872811681449_6.393733849206353,0.0
110.0201837186914_4.750187292161518,254,110.0201837,4.750187292,,,110.0201837186914_4.750187292161518,0.0
591.3177122269416_3.357122222222223,59,591.3177122000001,3.357122222,Spectral Match to Urobilin from NIST14,,591.3177122269416_3.357122222222223,0.0
304.2993572401259_5.121302585521083,382,304.2993572,5.1213025860000005,Spectral Match to Benzyldodecyldimethylammonium from NIST14,,304.2993572401259_5.121302585521083,0.0
615.3154666314139_4.499514042759961,392,615.3154666,4.4995140430000005,,,615.3154666314139_4.499514042759961,0.0
124.08728996035723_7.085848293650803,57,124.08729,7.085848294,Ferimzone,,124.08728996035723_7.085848293650803,0.0
110.02014229851478_4.365177632620744,403,110.02014229999999,4.365177633,,,110.02014229851478_4.365177632620744,0.0
698.322426724215_3.1459114498644976,414,698.3224267,3.14591145,,,698.322426724215_3.1459114498644976,0.0
124.08728036237224_6.343062976190482,56,124.0872804,6.343062976000001,Ferimzone,,124.08728036237224_6.343062976190482,0.0
176.10582747001033_7.594638690476192,324,176.1058275,7.59463869,,,176.10582747001033_7.594638690476192,0.0
288.191920699105_1.8230581818181806,138,288.19192069999997,1.8230581819999998,,,288.191920699105_1.8230581818181806,0.0
102.03399349054305_2.0670733174980214,319,102.03399350000001,2.0670733169999997,,,102.03399349054305_2.0670733174980214,0.0
698.3216168968604_3.24225319031903,312,698.3216169,3.24225319,,,698.3216168968604_3.24225319031903,0.0
183.14974769890944_2.8810102284527503,90,183.1497477,2.881010228,,,183.14974769890944_2.8810102284527503,0.0
432.2384315083891_4.846804909240925,87,432.23843150000005,4.846804908999999,"NCGC00385123-01_C22H30O6_7b,9-Dihydroxy-3-(hydroxymethyl)-1,1,6,8-tetramethyl-5-oxo-1,1a,1b,4,4a,5,7a,7b,8,9-decahydro-9aH-cyclopropa[3,4]benzo[1,2-e]azulen-9a-yl acetate",,432.2384315083891_4.846804909240925,0.0
110.02022055129159_8.268742738095236,265,110.0202206,8.268742738,,,110.02022055129159_8.268742738095236,0.0
593.3324987558775_4.5603505985267025,266,593.3324987999999,4.5603505989999995,,,593.3324987558775_4.5603505985267025,0.0
102.03391173037252_3.789808155186063,269,102.0339117,3.789808155,,,102.03391173037252_3.789808155186063,0.0
102.03392256816578_3.735736302454473,276,102.0339226,3.735736302,,,102.03392256816578_3.735736302454473,0.0
596.2556306388407_3.195913307823129,278,596.2556306,3.195913308,,,596.2556306388407_3.195913307823129,0.0
102.03392483720836_4.708133808392714,280,102.03392480000001,4.708133808,,,102.03392483720836_4.708133808392714,0.0
407.27939564912975_4.127647553897183,82,407.27939560000004,4.127647554,,,407.27939564912975_4.127647553897183,0.0
373.2738296327294_4.348342270531398,81,373.2738296,4.348342271,Ursocholic acid,Cholic acid,373.2738296327294_4.348342270531398,0.0
392.28733656832253_4.816981306306306,77,392.28733660000006,4.816981306000001,,,392.28733656832253_4.816981306306306,0.0
110.02019271891959_5.58095365079365,73,110.02019270000001,5.580953651000001,,,110.02019271891959_5.58095365079365,0.0
110.02018776477227_5.523384444444444,72,110.0201878,5.5233844439999995,,,110.02018776477227_5.523384444444444,0.0
613.2822629756806_3.2853828817733994,71,613.282263,3.285382882,,,613.2822629756806_3.2853828817733994,0.0
102.0339912314394_2.3024637371338073,306,102.0339912,2.302463737,,,102.0339912314394_2.3024637371338073,0.0
565.5663581033206_7.000098573757125,1761,565.5663581,7.000098574,,,565.5663581033206_7.000098573757125,0.0
